species,repro_freq,Nsamples,mesh_name_long,rel_error_2PLF - maternity_c,rel_error_2PLF - maternity_m50,rel_error_2PLF - maternity_r_0,rel_error_2PLF - maturity_c,rel_error_2PLF - maturity_m50,rel_error_2PLF - maturity_r_0,rel_error_3PLF - fixed_c,rel_error_3PLF - fixed_m50,rel_error_3PLF - fixed_r_0,rel_error_3PLF - free_c,rel_error_3PLF - free_m50,rel_error_3PLF - free_r_0,abs_error_2PLF - maternity_c,abs_error_2PLF - maternity_m50,abs_error_2PLF - maternity_r_0,abs_error_2PLF - maturity_c,abs_error_2PLF - maturity_m50,abs_error_2PLF - maturity_r_0,abs_error_3PLF - fixed_c,abs_error_3PLF - fixed_m50,abs_error_3PLF - fixed_r_0,abs_error_3PLF - free_c,abs_error_3PLF - free_m50,abs_error_3PLF - free_r_0,conv_success_2PLF - maternity_c,conv_success_2PLF - maternity_m50,conv_success_2PLF - maternity_r_0,conv_success_2PLF - maturity_c,conv_success_2PLF - maturity_m50,conv_success_2PLF - maturity_r_0,conv_success_3PLF - fixed_c,conv_success_3PLF - fixed_m50,conv_success_3PLF - fixed_r_0,conv_success_3PLF - free_c,conv_success_3PLF - free_m50,conv_success_3PLF - free_r_0
Gummy shark,1 (Annual),50,High selectivity,0,-0.025409274,-0.222811969,-1.988658671,-2.104865311,-0.586249593,-1.988658671,-0.450735592,-1.79812215,-2.183605215,-0.512942328,-1.874770087,0,2.2674497186313616,1.4509683025349922,1.9886586714752599,2.589085269380135,2.946177785116497,1.9886586714752599,2.4445361766172167,2.939954693596828,2.183605214811907,2.4257278,2.8783951862133104,100,100,100,100,100,100,100,100,100,100,100,100
Gummy shark,1 (Annual),100,High selectivity,0,-0.077942246,0.028155482999827147,-1.156478718,-2.174923821,0.35471293555696826,-1.156478718,-0.316419409,-0.902869733,-0.995138897,-0.291630855,-0.731979958,0,1.3193821911556334,0.8680143878835687,1.1564787182762049,2.290756552282555,2.117023621929708,1.1564787182762049,1.402373106,1.7191700149368623,0.9951388970434037,1.3353966428555062,1.5120109132821997,100,100,100,100,100,100,100,100,100,100,100,100
Gummy shark,1 (Annual),250,High selectivity,0,-0.013449907,-0.005681936,-1.056538133,-2.140682001,0.4923470108550812,-1.056538133,-0.227714581,-0.838409723,-0.74027821,-0.173453077,-0.564465905,0,0.9143466039308009,0.5233092697314627,1.0565381326453096,2.151906844053341,1.5714217770620695,1.0565381326453096,0.9368658296419045,1.2282555729052813,0.7402782096609226,0.9448057637387338,0.9720848281415265,100,100,100,100,100,100,100,100,100,100,100,100
Gummy shark,1 (Annual),500,High selectivity,0,-0.008042628,-0.043949,-1.072892076,-2.187126595,0.5060632295644725,-1.072892076,-0.232772476,-0.878215466,-0.53855645,-0.124933667,-0.44414163,0,0.6245951691444162,0.4144857366025075,1.0728920756649858,2.1871265953021086,1.2844782378309847,1.0728920756649858,0.6686084235125859,1.1226577051892286,0.5385564500274564,0.6515909010262204,0.7302437482895111,100,100,100,100,100,100,100,100,100,100,100,100
Gummy shark,1 (Annual),1000,High selectivity,0,-0.040428743,-0.00299817,-0.924792798,-2.118928593,0.6346736438887159,-0.924792798,-0.231969352,-0.71926655,-0.396386897,-0.124387124,-0.29691009,0,0.4345041481398008,0.2491160151916205,0.9247927984138249,2.1189285931565123,1.0626030904267307,0.9247927984138249,0.4963301917411251,0.8453830431429522,0.39638689710791547,0.4622543340497818,0.4691314292127954,100,100,100,100,100,100,100,100,100,100,100,100
Gummy shark,1 (Annual),2500,High selectivity,0,-0.007851971,0.015090303023632302,-0.718277877,-2.150154895,0.8587571849816901,-0.718277877,-0.15687876,-0.540878027,-0.204880053,-0.051478228,-0.136228913,0,0.3147329087719796,0.18735202210336543,0.7182778771090889,2.1501548945717275,0.9367549281553466,0.7182778771090889,0.35033170126256025,0.6010952028926002,0.20488005288042466,0.3263687189659109,0.2830393549685586,100,100,100,100,100,100,100,100,100,100,100,100
Gummy shark,0.75 (Annual / biennial),50,High selectivity,33.33333333333333,7.636143183,19.04994626044816,-0.126571428,-2.422373923,1.5137936086061525,0.3996472666694417,-0.186536163,-1.08939064,4.761302232269402,0.6625998303771841,2.881485246801294,33.33333333333333,8.320269959416606,19.291498767356178,19.26986026105199,2.7769512605029325,19.548868465619535,18.937008120030065,4.603956122946496,16.04156354072929,17.383050675491404,4.485917154757824,13.73083513076514,100,100,100,100,100,100,99,99,99,100,100,100
Gummy shark,0.75 (Annual / biennial),100,High selectivity,33.33333333333333,8.099635725878091,19.97547959787585,0.2929703512448255,-2.021774074,1.7977202208207492,0.2929703512448255,0.13975531300702496,-0.785760072,3.447919789622672,0.6311234415278968,2.017156764473729,33.33333333333333,8.107662559069862,20.01814410536011,14.77654451530778,2.200201402289675,15.069095780847015,14.77654451530778,3.256497743525353,12.595201919209392,13.474995695014805,3.366673796361668,10.832924832209535,100,100,100,100,100,100,100,100,100,100,100,100
Gummy shark,0.75 (Annual / biennial),250,High selectivity,33.33333333333333,8.110597630741502,19.87504306122703,-0.98249177,-2.171830146,0.578632613,-0.98249177,-0.183465445,-1.31230087,1.5433457920043436,0.27253055339192966,0.8030975164473895,33.33333333333333,8.110597630741502,19.87504306122703,9.625999081605622,2.174902454050503,9.804074743927979,9.625999081605622,2.1397552099616095,8.193330019136505,8.896021916109706,2.2481881221454483,7.132951852105917,100,100,100,100,100,100,100,100,100,100,100,100
Gummy shark,0.75 (Annual / biennial),500,High selectivity,33.33333333333333,8.084914963967064,20.308589909867635,0.047272536,-2.078628653,1.5905034646060634,0.047272536,0.089606021,-0.180121987,1.126103839,0.27089245044264315,0.7879688712023046,33.33333333333333,8.084914963967064,20.308589909867635,6.396059313899864,2.078628653152152,6.650806380633748,6.396059313899864,1.4429329778007427,5.4030652891721305,5.338588400126991,1.3722983653322312,4.429607570781981,100,100,100,100,100,100,100,100,100,100,100,100
Gummy shark,0.75 (Annual / biennial),1000,High selectivity,33.33333333333333,8.135332953494178,20.256559925318086,-0.45448136,-2.088761718,1.0939648113303548,-0.45448136,0.014022105,-0.531168207,0.278947213,0.13766113134034777,0.11187848899816516,33.33333333333333,8.135332953494178,20.256559925318086,4.249355120787409,2.088761718,4.419908726928678,4.249355120787409,0.9860840932798847,3.647569583144894,3.900007482805218,0.9524404622593057,3.2785470619647477,100,100,100,100,100,100,100,100,100,100,100,100
Gummy shark,0.75 (Annual / biennial),2500,High selectivity,33.33333333333333,7.977808340911943,20.38181844508542,-0.537174762,-2.136582056,1.023175600278255,-0.537174762,-0.149859667,-0.453304303,0.18279339486763949,-0.022621659,0.16969159064691436,33.33333333333333,7.977808340911943,20.38181844508542,2.954939936095797,2.136582056245868,3.0968821695801445,2.954939936095797,0.6791267900245087,2.5393921949521654,2.4350821420169306,0.6320557361604464,2.0595870688267266,100,100,100,100,100,100,100,100,100,100,100,100
Gummy shark,0.66 (Annual / biennial),50,High selectivity,50.000000000000014,13.377069374069809,25.661568912139746,2.0548756816126312,-2.284449313,3.610367402124169,2.6468200728169915,0.8992064083831338,-0.473771385,7.916428613720771,1.8000068635714792,4.087772643218091,50.000000000000014,13.41029237906742,27.024023081221383,23.726930116162688,2.7552302204604304,24.091714011776997,23.395408005743935,5.437046242156441,19.13113718287891,22.506068892803107,5.827182250406356,16.99732353517711,100,100,100,100,100,100,99,99,99,100,100,100
Gummy shark,0.66 (Annual / biennial),100,High selectivity,50.000000000000014,13.145805130111562,25.89744210785783,-3.10560772,-2.126958285,-1.582277647,-3.10560772,-0.736626866,-4.094599796,3.7963939717247333,0.6963531503430588,1.756309181128103,50.000000000000014,13.145805130111562,26.269308338662682,17.84967771457865,2.3174146729961285,18.237968619196746,17.84967771457865,4.231555925685957,15.395298929587794,17.458333544086134,4.141806548564865,13.889335881055796,100,100,100,100,100,100,100,100,100,100,100,100
Gummy shark,0.66 (Annual / biennial),250,High selectivity,50.000000000000014,12.210883512383623,27.582783854880315,-1.38298656,-2.155334737,0.18549214821403706,-1.164646493,-0.228042937,-1.475510557,1.6207949023753805,0.20085482986360212,1.0210008790263836,50.000000000000014,12.210883512383623,27.582783854880315,11.538600418374234,2.168691838697444,11.704157680393665,11.354225614868238,2.4133137656175743,9.810001962412118,9.350368314,2.2407121090369246,7.735509397227023,100,100,100,100,100,100,99.66666666666667,99.66666666666667,99.66666666666667,100,100,100
Gummy shark,0.66 (Annual / biennial),500,High selectivity,50.000000000000014,12.286510347949447,27.820400954910255,-0.622346152,-2.20376483,0.9501310460565788,-0.622346152,-0.018431104,-0.781193253,0.9624921419517846,0.2541292810935602,0.606795156,50.000000000000014,12.286510347949447,27.820400954910255,6.822223268656548,2.203764829715615,6.993838153751577,6.822223268656548,1.536195027197881,5.890525616321604,6.012211252836068,1.4898798328256235,5.070379221943677,100,100,100,100,100,100,100,100,100,100,100,100
Gummy shark,0.66 (Annual / biennial),1000,High selectivity,50.000000000000014,12.244788388405533,27.824018980340536,-1.21270618,-2.113941961,0.32000179181331545,-1.21270618,-0.217596093,-1.181753371,0.145255802,0.0069205,0.042839175344525936,50.000000000000014,12.244788388405533,27.824018980340536,6.121373674,2.113941961336755,6.179670388,6.121373674,1.2680185022625738,5.305439887127191,4.888868655190085,1.1097910486237692,4.138792600068253,100,100,100,100,100,100,100,100,100,100,100,100
Gummy shark,0.66 (Annual / biennial),2500,High selectivity,50.000000000000014,12.13962891008815,28.08337496371202,-0.716099448,-2.123412959,0.8389778101350893,-0.716099448,-0.155725132,-0.622205112,0.19862062924028817,0.0012203,0.17854633525947186,50.000000000000014,12.13962891008815,28.08337496371202,3.473326278257587,2.123412958507281,3.5587283840242336,3.473326278257587,0.7449615679828183,2.9810051922320486,2.7665885252453624,0.6417762053084436,2.315740429100875,100,100,100,100,100,100,100,100,100,100,100,100
Gummy shark,0.5 (Biennial),50,High selectivity,100,27.733789543175558,40.93612357192629,4.515616098192691,-2.395382701,5.999227108671213,4.929431354844032,1.0874346148906884,-0.29825233,15.62722189,3.0403369484790996,7.2974392697306305,100,27.733789543175558,42.919968848301856,32.89522912713631,2.8018971199806013,33.46920045597027,32.73249336864154,6.880345537336925,26.618056950012143,37.702105483725994,7.694304687335291,27.242869239491622,99,99,99,100,100,100,99.33333333333333,99.33333333333333,99.33333333333333,100,100,100
Gummy shark,0.5 (Biennial),100,High selectivity,100,24.32967158946257,44.828700457378524,3.539145803824677,-2.055249157,5.027735840544061,3.773947852220969,0.3167450602271016,0.46657020482296024,13.471626926400685,2.600373695613496,7.217043281242175,100,24.32967158946257,45.04200774128367,25.67837624122859,2.158642550593172,26.128057776423464,25.541291657865923,5.714857290388176,21.085231673629877,27.389013389246088,6.040366472138307,19.70385025,100,100,100,100,100,100,99.66666666666667,99.66666666666667,99.66666666666667,100,100,100
Gummy shark,0.5 (Biennial),250,High selectivity,100,24.411599237476228,43.19410384756072,-2.562901526,-2.10204465,-1.073898956,-2.562901526,-0.63266089,-3.14985379,3.037920166962452,0.4529426741287266,1.2533598926366623,100,24.411599237476228,43.19771347619089,14.675252978078948,2.116641881,14.874900583725289,14.675252978078948,3.376966833013526,12.72518530855581,14.780475785008381,3.411197542657158,11.634262720274448,100,100,100,100,100,100,100,100,100,100,100,100
Gummy shark,0.5 (Biennial),500,High selectivity,100,23.364667191143592,45.530692541971746,-0.198937108,-2.086096789,1.3527922178524954,-0.198937108,-0.066707457,-0.613969238,2.9073819456523373,0.4431482484519468,2.140953915751954,100,23.364667191143592,45.530692541971746,11.07943598942825,2.086096789440973,11.370426546741623,11.07943598942825,2.2869000566458193,9.588559109568035,9.688848095984586,2.0793077906956823,8.113468765349564,100,100,100,100,100,100,100,100,100,100,100,100
Gummy shark,0.5 (Biennial),1000,High selectivity,100,23.416499799772744,45.38462269132296,0.25777669712590123,-2.144153635,1.8309363598200157,0.25777669712590123,0.11256211549288096,-0.09504181,1.8641992905265226,0.3706748353967628,1.3650851383589788,100,23.416499799772744,45.38462269132296,7.634467729930315,2.144153634554352,7.895145640724343,7.634467729930315,1.7185826202556485,6.460827433827434,6.3371340216724645,1.5429128953647413,5.276636890689107,100,100,100,100,100,100,100,100,100,100,100,100
Gummy shark,0.5 (Biennial),2500,High selectivity,100,23.514675835412465,44.94975038458868,-0.563819037,-2.155525726,1.016266799582512,-0.563819037,-0.11502814,-0.566326032,0.16418586446100977,-0.002256932,0.10439475074982571,100,23.514675835412465,44.94975038458868,4.7608826775857525,2.155525726372593,4.884226255151102,4.7608826775857525,1.0400122803443153,4.045282375407058,3.834737415,0.9043338750097956,3.243517558201688,100,100,100,100,100,100,100,100,100,100,100,100
Gummy shark,0.33 (Triennial),50,High selectivity,200.00000000000006,49.23013639310745,64.97488133,5.916692384069067,-2.343498825,7.4587630046540925,6.924219159,1.6164935344164413,1.5046825851150238,26.38267595,4.013272663005488,11.986422684220056,200.00000000000006,49.23013639310745,69.74270946767923,38.57054798993602,2.7349760813623374,39.16596120412609,37.56434480082731,7.645850326788534,32.375043763815775,49.710902042634316,9.823858278046016,33.99720374428946,96,96,96,100,100,100,97,97,97,99.33333333333333,99.33333333333333,99.33333333333333
Gummy shark,0.33 (Triennial),100,High selectivity,200.00000000000006,45.817617466871226,66.33992208833608,0.556395945,-2.006064301,2.0619173722823767,1.8543328626669713,0.21763507418816294,-1.698006735,26.512969379560975,4.455795801962481,12.063220406409146,200.00000000000006,45.817617466871226,67.88743388824932,30.438059481530768,2.208382108702055,30.890898669654366,29.772662470082153,6.291406756807126,24.881533895453444,43.28902764979387,8.783366143553481,27.047642161914318,99,99,99,100,100,100,98,98,98,100,100,100
Gummy shark,0.33 (Triennial),250,High selectivity,200.00000000000006,42.785534306574576,63.78434980765253,-1.727719067,-2.10025,-0.175425015,-1.727719067,-0.092063196,-2.97931635,9.061240535990873,1.7636340692453307,4.006931963124876,200.00000000000006,42.785534306574576,63.97701859732678,20.025067389081034,2.1197985344840444,20.288445242700273,20.025067389081034,4.069239631866253,17.583009193240436,22.93695280815075,4.953221665601761,16.437875779144004,100,100,100,100,100,100,100,100,100,100,100,100
Gummy shark,0.33 (Triennial),500,High selectivity,200.00000000000006,42.17728271429761,62.968328712060526,-1.983372696,-2.133091363,-0.429117319,-1.983372696,-0.29454691,-2.424691667,1.5820368691064317,0.23856855723911333,0.6210017771260113,200.00000000000006,42.17728271429761,62.968567055566595,14.02856695605771,2.1331903215613752,14.250827806457155,14.02856695605771,2.9756801657199947,12.10169438461218,13.08731705524094,2.906999113,10.789332685210379,100,100,100,100,100,100,100,100,100,100,100,100
Gummy shark,0.33 (Triennial),1000,High selectivity,200.00000000000006,41.52575822,63.69332549711415,-1.257494603,-2.173499772,0.31641808434317903,-1.257494603,-0.036496888,-1.709063878,1.1231415305491796,0.34304722233019125,0.3547156705782835,200.00000000000006,41.52575822,63.69332549711415,11.059716344328406,2.173499772,11.221077915526234,11.059716344328406,2.228150529693751,9.544392163268837,9.669330792705184,2.147505353125342,7.970404430313804,100,100,100,100,100,100,100,100,100,100,100,100
Gummy shark,0.33 (Triennial),2500,High selectivity,200.00000000000006,40.60206113051446,65.56999527554986,-0.641704372,-2.12826544,0.9167402003833016,-0.641704372,-0.146276741,-0.686105482,0.9733339733632544,0.12003596607857685,0.7638933226262241,200.00000000000006,40.60206113051446,65.56999527554986,7.001314898,2.128265440410469,7.038869685228193,7.001314898,1.4864624804003748,5.991946283540559,5.741961370491609,1.2795275370260426,4.8556668665733245,100,100,100,100,100,100,100,100,100,100,100,100
Gummy shark,0.25 (Quadrennial),50,High selectivity,300,63.64795416265718,84.35187714442289,12.703112054358543,-2.117502442,14.35693468845166,15.961763179793541,2.1147171994111504,6.530366129108894,34.7356991,4.704110001159031,15.863053829379034,300,63.64795416265718,87.78167648306307,46.60879582,2.5578003694790965,47.54290799130399,46.17411007036158,9.186282007701454,37.19293704176823,58.50033322976894,9.573503258,39.097850680496244,92.66666666666666,92.66666666666666,92.66666666666666,100,100,100,95,95,95,96.66666666666667,96.66666666666667,96.66666666666667
Gummy shark,0.25 (Quadrennial),100,High selectivity,300,60.459022981131206,83.82951013478483,5.966347870454889,-2.130267408,7.561956024472723,6.423786979470378,0.5780835431046722,0.4929763716499675,32.834206761406705,4.345885425089085,14.246387200927757,300,60.459022981131206,86.36301923,39.32424038508793,2.311450201484864,39.86753685303465,39.40544791713863,8.564126193330438,32.68421930835391,52.838663165131805,9.397425606273096,32.76213328991215,97.33333333333334,97.33333333333334,97.33333333333334,100,100,100,98.33333333333333,98.33333333333333,98.33333333333333,100,100,100
Gummy shark,0.25 (Quadrennial),250,High selectivity,300,58.05569119605147,75.20122536928179,-0.692557929,-2.22676795,0.9258097744207097,-0.463333142,-0.306413369,-2.618179117,17.551448673516298,2.4335138255483337,6.819566345202158,300,58.05569119605147,75.95050212715604,25.74942341847456,2.228299333946687,26.04587059875549,25.60400085722943,5.496526327990381,21.848265761971923,33.69767116700457,6.700378593118085,21.237355514769362,100,100,100,100,100,100,99.66666666666667,99.66666666666667,99.66666666666667,100,100,100
Gummy shark,0.25 (Quadrennial),500,High selectivity,300,55.933567559082746,75.32087092785729,-0.921004072,-2.127811829,0.6516032449852277,-0.921004072,-0.212489136,-2.034541436,7.361466314282667,0.9856367375343159,2.949022203759619,300,55.933567559082746,75.36268297586928,18.595867151983036,2.1278118289260814,18.80850845668325,18.595867151983036,3.9146612381287884,15.786775499111359,20.723299522924666,4.290720149064456,14.919628345021154,100,100,100,100,100,100,100,100,100,100,100,100
Gummy shark,0.25 (Quadrennial),1000,High selectivity,300,53.8411535,75.96712759805507,-2.052565531,-2.167584634,-0.488719405,-2.052565531,-0.292666245,-2.268732688,0.8677656098939013,0.1456461182395776,0.4077969324916857,300,53.8411535,75.96712759805507,12.006316189644723,2.167584634218836,12.185551305149673,12.006316189644723,2.398588074673803,10.515343611100246,9.829636684634334,2.2576457899212548,8.400458791731829,100,100,100,100,100,100,100,100,100,100,100,100
Gummy shark,0.25 (Quadrennial),2500,High selectivity,300,53.439258794607696,76.08442027626884,-1.121526853,-2.09866707,0.41786576084261357,-1.121526853,-0.203800879,-1.207758837,0.8083919651276477,0.1126641512686689,0.5488914691459185,300,53.439258794607696,76.08442027626884,8.219754107,2.0986670702026693,8.256889212101303,8.219754107,1.6332676863407938,7.135518145419614,6.052267247165159,1.358838883604728,5.138852339128376,100,100,100,100,100,100,100,100,100,100,100,100
Gummy shark,1 (Annual),50,Low selectivity,0,0.12908233769315106,-0.349327961,-3.573476523,-1.938768379,-2.282255235,-3.573476523,-0.697617105,-3.41847278,-5.838214941,-1.357989337,-5.237309347,0,2.227464713855332,1.7440161331767483,3.5734765234765233,2.6378105519006465,5.057099499558062,3.5734765234765233,2.516524102160756,4.774581724329237,5.8382149411869735,2.946856662463865,6.306287083200512,100,100,100,100,100,100,100,100,100,100,100,100
Gummy shark,1 (Annual),100,Low selectivity,0,0.28586484947737417,-0.25882008,-1.108642654,-2.170953972,0.4231172331827754,-1.108642654,0.033148658,-1.203005726,-2.490289306,-0.339740539,-2.321556203,0,1.628178682699339,1.232703359878956,1.1086426536426537,2.347215182769221,2.5892606506922418,1.1086426536426537,1.7020381783644776,2.1393635754877995,2.4902893063459857,1.883515317018866,3.100709242762555,100,100,100,100,100,100,100,100,100,100,100,100
Gummy shark,1 (Annual),250,Low selectivity,0,0.032460788,-0.076231453,-1.847100086,-2.167927756,-0.295141328,-1.847100086,-0.340303613,-1.695177608,-2.094107789,-0.471062587,-1.794478464,0,1.0738594567479929,0.808060893,1.8471000858255762,2.1810051719423167,2.9681716547187516,1.8471000858255762,1.271129654915477,2.378275865494952,2.094107788895781,1.287647849624965,2.3384440907495248,100,100,100,100,100,100,100,100,100,100,100,100
Gummy shark,1 (Annual),500,Low selectivity,0,0.027685896093162105,-0.019709085,-1.012045683,-2.156618072,0.5577651366132651,-1.012045683,-0.180747699,-0.876815832,-1.256265486,-0.266243442,-1.045114851,0,0.7512556732233375,0.5338899383188774,1.0120456827142958,2.156618072352182,2.1196445697758755,1.0120456827142958,0.8388570840693672,1.349927110322901,1.256265486020622,0.8335403474558504,1.3930515431087067,100,100,100,100,100,100,100,100,100,100,100,100
Gummy shark,1 (Annual),1000,Low selectivity,0,-0.022706812,0.020661659,-1.212369774,-2.107713169,0.3262588649933997,-1.212369774,-0.274331191,-1.002233893,-0.705843815,-0.187970241,-0.552840156,0,0.5017737608961678,0.3889502349580457,1.212369774375885,2.1077131692404976,1.8984101905841824,1.212369774375885,0.632223768,1.3193682545363419,0.7058438149972982,0.5854592010980516,0.8332818570631598,100,100,100,100,100,100,100,100,100,100,100,100
Gummy shark,1 (Annual),2500,Low selectivity,0,-0.009371401,-5.58E-04,-0.952110997,-2.121706305,0.6026246161292919,-0.952110997,-0.211695825,-0.793010492,-0.433469829,-0.110012914,-0.351869188,0,0.29226505071403525,0.2267104156297164,0.9521109973996309,2.1217063053944574,1.2250852787248945,0.9521109973996309,0.3709365846390319,0.9450109824245352,0.4334698292325124,0.33575579692912605,0.5008439994531276,100,100,100,100,100,100,100,100,100,100,100,100
Gummy shark,0.75 (Annual / biennial),50,Low selectivity,33.33333333333333,8.184536380408488,22.70648136892198,3.445566779,-1.963193936,4.791024814501201,3.445566779,0.8528291970294232,0.9040853009313768,0.46099442204279656,-0.383675495,-0.873145831,33.33333333333333,8.202862540750825,23.515627381679725,29.132835066168397,2.6830024206574934,29.45891068044333,29.132835066168397,5.182676601615934,25.553221761260247,25.164033891265465,5.491684122308709,21.696092135065822,100,100,100,100,100,100,100,100,100,100,100,100
Gummy shark,0.75 (Annual / biennial),100,Low selectivity,33.33333333333333,7.741208211211885,23.636571012622518,3.5060120096239786,-2.081018582,4.965883526,3.5060120096239786,0.7341869819188119,1.3022997641043226,0.1607265686466927,-0.240299112,-0.748890201,33.33333333333333,7.741208211211885,23.82279209166291,26.97839508654782,2.2684413853237633,27.352717363285265,26.97839508654782,4.792592564474804,23.650209727045475,21.152759588504217,4.179154298452232,18.498589511529723,100,100,100,100,100,100,100,100,100,100,100,100
Gummy shark,0.75 (Annual / biennial),250,Low selectivity,33.33333333333333,6.980301901296289,24.784568076929087,1.7913056774666674,-2.136540023,3.368374389429834,1.7913056774666674,0.27602106297107226,0.5443042864823412,1.5327932887079938,0.003379729,0.9984751436997563,33.33333333333333,6.980301901296289,24.784568076929087,18.52694597647126,2.150368072,19.059614848814835,18.52694597647126,3.521044553055641,16.236755678255005,13.459811981096452,2.6289490982630244,11.715011804898005,100,100,100,100,100,100,100,100,100,100,100,100
Gummy shark,0.75 (Annual / biennial),500,Low selectivity,33.33333333333333,7.017932459452683,24.879055632083688,-1.308351326,-2.071749025,0.18017511477274176,-1.308351326,-0.136972411,-1.817159344,0.8046462956527375,0.081502323,0.5426473428689207,33.33333333333333,7.017932459452683,24.879055632083688,14.408312863902747,2.073582753100741,14.601041357776447,14.408312863902747,2.6761948238725646,12.635731971228044,8.746078836987841,1.726853267971757,7.644310568,100,100,100,100,100,100,100,100,100,100,100,100
Gummy shark,0.75 (Annual / biennial),1000,Low selectivity,33.33333333333333,6.868419001053433,25.08101460469057,-0.67669177,-2.128685751,0.8895723170977128,-0.67669177,-0.164567127,-0.866758875,0.7292686261309906,-0.006046227,0.6167009924147683,33.33333333333333,6.868419001053433,25.08101460469057,10.00607689764062,2.1286857513500617,10.201403963411652,10.00607689764062,1.8594662064620389,8.786632609558499,6.2433657169307475,1.2751765667747759,5.463271042,100,100,100,100,100,100,100,100,100,100,100,100
Gummy shark,0.75 (Annual / biennial),2500,Low selectivity,33.33333333333333,6.983114974421376,24.962833862975653,-0.351767795,-2.117528322,1.2052359225350988,-0.351767795,-0.035213884,-0.435910466,0.15497556338587132,0.027711313844960967,0.080565613,33.33333333333333,6.983114974421376,24.962833862975653,5.906789784577851,2.117528322406532,6.064875548255222,5.906789784577851,1.071927700129464,5.182856798772399,3.9761552705755348,0.8015393717175306,3.474892791973069,100,100,100,100,100,100,100,100,100,100,100,100
Gummy shark,0.66 (Annual / biennial),50,Low selectivity,50.000000000000014,11.428928938858549,33.298602651021334,4.949416596475428,-1.993721228,6.369358041071797,4.949416596475428,0.35299476780229416,1.8805616866021526,5.630726465463084,-0.066444753,3.3105471828873516,50.000000000000014,11.43951668246183,34.92690932262737,35.50213463007581,2.631561875963151,35.93915900489006,35.50213463007581,6.536215039060904,31.14274756205336,33.47282956997374,6.427498220255573,29.151078226049016,100,100,100,100,100,100,100,100,100,100,100,100
Gummy shark,0.66 (Annual / biennial),100,Low selectivity,50.000000000000014,10.123096869017589,35.68950763130882,8.237781385281393,-2.041134489,9.775696613187385,8.237781385281393,1.302053085193789,4.979061871,8.777981020888863,0.9223380409537401,6.392282895,50.000000000000014,10.132702684005316,35.70613458747313,31.40110750360751,2.3044687486573356,32.08346138290247,31.40110750360751,5.588413337332763,27.133735207658965,26.080011388904232,4.910956820746888,21.962062054256617,100,100,100,100,100,100,100,100,100,100,100,100
Gummy shark,0.66 (Annual / biennial),250,Low selectivity,50.000000000000014,10.076188710682905,35.79224151509613,2.1079240665557863,-2.087026486,3.6879728240895555,2.1079240665557863,0.3022776334204907,0.21690036421241563,3.1278482570801023,0.2575683149849389,2.0342756538242432,50.000000000000014,10.076188710682905,35.79224151509613,24.379093521119703,2.1000480701175466,24.90646930275294,24.379093521119703,4.363670263109795,21.03694310059366,16.65659362632483,3.3447042638237403,14.031427266558055,100,100,100,100,100,100,100,100,100,100,100,100
Gummy shark,0.66 (Annual / biennial),500,Low selectivity,50.000000000000014,9.961856431621365,36.18925217323408,-0.501910625,-2.098537582,1.052779720272213,-0.501910625,-0.075989922,-1.243959004,2.0735092266498176,0.1999119004080038,1.592074815500174,50.000000000000014,9.961856431621365,36.18925217323408,17.85795185120414,2.1013107246931204,18.25693644174277,17.85795185120414,3.1072656927344955,15.849036568346396,11.28842615299725,2.1480801681485553,9.845934325,100,100,100,100,100,100,100,100,100,100,100,100
Gummy shark,0.66 (Annual / biennial),1000,Low selectivity,50.000000000000014,10.014924834768355,36.077521558674846,-2.498136998,-2.127544616,-0.970640024,-2.498136998,-0.43039056,-2.564432207,0.14607829476440531,-0.068447781,0.06305145,50.000000000000014,10.014924834768355,36.077521558674846,11.67825396504083,2.127544615939046,11.877048150461887,11.67825396504083,2.1544246991749523,10.339007082670534,7.040292081430211,1.4101081181933997,6.240813613541974,100,100,100,100,100,100,100,100,100,100,100,100
Gummy shark,0.66 (Annual / biennial),2500,Low selectivity,50.000000000000014,9.918273866317735,36.321729528757785,-0.752954946,-2.126093857,0.7966895687780813,-0.752954946,-0.103390511,-0.817018623,0.3514358896581511,0.049727097,0.27906869219713853,50.000000000000014,9.918273866317735,36.321729528757785,7.497812816197547,2.1260938569033754,7.612608622243655,7.497812816197547,1.3251832914694623,6.629920748658523,4.567466794247511,0.8688034513896862,4.0613198687909815,100,100,100,100,100,100,100,100,100,100,100,100
Gummy shark,0.5 (Biennial),50,Low selectivity,100,19.727383810280905,61.062921305690615,18.604887641884545,-1.864307305,19.955790477802225,18.604887641884545,2.410496561723772,12.777027220408296,15.538182641901367,0.9862366183100036,9.913298285612722,100,19.727383810280905,62.575788889598165,45.03273399573709,2.589521682528181,45.70338175494732,45.03273399573709,7.115044684379351,39.49002964044447,47.43584483690309,7.922370997,39.771258881078296,99.66666666666667,99.66666666666667,99.66666666666667,100,100,100,100,100,100,99.66666666666667,99.66666666666667,99.66666666666667
Gummy shark,0.5 (Biennial),100,Low selectivity,100,18.53090086026756,63.18333126591981,16.436283199085057,-2.140535071,18.198206022262422,16.69192294222581,2.2793828257406217,10.414171549620063,14.690715016884607,1.4142466704432664,9.236075515179044,100,18.53090086026756,63.279409928280714,40.13948666228852,2.271396519310182,41.358766887580124,40.073063540757715,7.126421280073697,33.281491491072536,38.74229783754467,7.264557394697927,30.99995795915773,100,100,100,100,100,100,99.66666666666667,99.66666666666667,99.66666666666667,100,100,100
Gummy shark,0.5 (Biennial),250,Low selectivity,100,17.984562511663377,64.47725894070378,3.520477636,-2.051407134,5.055576088916772,3.520477636,0.4470051465947179,0.6561919072138751,4.255269127449783,0.35698307962398834,2.5532867246610707,100,17.984562511663377,64.47725894070378,30.17127008984594,2.0709402943754096,30.88572786049674,30.17127008984594,5.468287052031886,26.06267610995796,21.97590674,4.069174990725505,18.71532496752762,100,100,100,100,100,100,100,100,100,100,100,100
Gummy shark,0.5 (Biennial),500,Low selectivity,100,17.676944382694362,65.34080707699025,0.30270459013147916,-2.09073226,1.8092256891868876,0.30270459013147916,0.10631080676315526,-1.066098073,1.8126107399124167,0.21046145634319954,1.0895644601846395,100,17.676944382694362,65.34080707699025,22.654736212765883,2.0912012193011846,23.116382083114363,22.654736212765883,3.9065459981994426,20.08296288687354,14.450583626041018,2.6655102307881746,12.562227121592723,100,100,100,100,100,100,100,100,100,100,100,100
Gummy shark,0.5 (Biennial),1000,Low selectivity,100,17.523459833887195,65.70338973878006,-1.3929935,-2.073770809,0.11959729712304584,-1.3929935,-0.234096426,-2.076797218,1.5069290536500386,0.21298486327969726,1.0839435491303449,100,17.523459833887195,65.70338973878006,18.03341151216658,2.073770809001308,18.306525275215417,18.03341151216658,3.118979329580222,15.936846736274711,10.287859521199502,1.9073419037524444,8.996928474760544,100,100,100,100,100,100,100,100,100,100,100,100
Gummy shark,0.5 (Biennial),2500,Low selectivity,100,17.369047128909212,66.07230153279114,-0.141837345,-2.109171593,1.4227882438903905,-0.141837345,-0.005609134,-0.4026919,0.6977564700091209,0.095130288,0.518791144,100,17.369047128909212,66.07230153279114,9.697344561941463,2.1091715934037345,9.988313063477996,9.697344561941463,1.6728637942639977,8.603972273385219,6.438215530858157,1.210532618163696,5.672325276299693,100,100,100,100,100,100,100,100,100,100,100,100
Gummy shark,0.33 (Triennial),50,Low selectivity,200.00000000000006,33.492998528659065,105.16025964507882,25.444569319569332,-2.06832076,27.108713168875244,25.772903239458437,3.1538727911510556,16.49524544249334,33.71424839,3.0515874071953575,19.740586303056663,200.00000000000006,33.492998528659065,109.80037558681853,57.108986275162756,2.6440351694080957,58.16315926489482,57.05675120341657,8.177823458536304,48.16481437769874,70.16247661162622,10.35930112925019,54.979008390294425,99,99,99,100,100,100,99.66666666666667,99.66666666666667,99.66666666666667,99.66666666666667,99.66666666666667,99.66666666666667
Gummy shark,0.33 (Triennial),100,Low selectivity,200.00000000000006,31.28540929212552,103.48765859735093,19.222432589179917,-2.123269173,20.955677298541573,19.222432589179917,2.1130595470114844,10.519948949433642,21.255397373333768,1.0766501169879583,11.23650290653138,200.00000000000006,31.28540929212552,103.87677729828259,51.617866486924825,2.2463854688160954,52.53594800587188,51.617866486924825,8.212880128315213,41.80642440358774,58.13156683573267,8.675516243346683,45.63089590463315,100,100,100,100,100,100,100,100,100,100,100,100
Gummy shark,0.33 (Triennial),250,Low selectivity,200.00000000000006,29.023568542556767,110.14799581535284,8.141951642,-2.128751712,9.850405708396757,8.141951642,0.7291176159574944,3.209956075446493,13.465294373570902,1.1924998677854206,8.149800938557709,200.00000000000006,29.023568542556767,110.36011774505123,40.784131309209386,2.137308847,41.578032876430946,40.784131309209386,6.744651157888321,34.453642247005824,35.83478286556717,5.841472086028226,29.036181521799055,100,100,100,100,100,100,100,100,100,100,100,100
Gummy shark,0.33 (Triennial),500,Low selectivity,200.00000000000006,28.462937449880926,111.41506904222585,0.6013567007756948,-2.146189929,2.1863222762408596,0.6013567007756948,-0.213683429,-2.251859946,5.528430916455297,0.49437015311084265,3.6262152070672005,200.00000000000006,28.462937449880926,111.41506904222585,33.59383472,2.146189928518569,34.07068108270933,33.59383472,5.546232361164332,29.002245108033847,22.349102816186203,3.9035803555145887,18.997818032076736,100,100,100,100,100,100,100,100,100,100,100,100
Gummy shark,0.33 (Triennial),1000,Low selectivity,200.00000000000006,28.208387151221785,112.03831115373383,-1.665472821,-2.196432354,-0.069486971,-1.665472821,-0.458214976,-2.85596769,2.703107023,0.19915246317438337,1.7216174888922497,200.00000000000006,28.208387151221785,112.03831115373383,25.39134858424454,2.196463118531205,25.812498019448956,25.39134858424454,4.157739705018041,22.48247462855506,16.204661374095434,2.761980695921996,13.924831613088985,100,100,100,100,100,100,100,100,100,100,100,100
Gummy shark,0.33 (Triennial),2500,Low selectivity,200.00000000000006,27.715642063317123,113.9180804546603,0.19110163769717992,-2.124224758,1.7622680644355853,0.19110163769717992,-0.033462067,-0.30341465,1.266813037763775,0.10730236697800134,1.0228072894707785,200.00000000000006,27.715642063317123,113.9180804546603,15.103532080012862,2.1242247577893503,15.420371921060381,15.103532080012862,2.500845878448655,13.39582641,8.945568071,1.5882381286917562,7.943937246944056,100,100,100,100,100,100,100,100,100,100,100,100
Gummy shark,0.25 (Quadrennial),50,Low selectivity,300,41.72875720267968,144.0957838124428,48.476454536826054,-2.241842732,50.3587338,51.662681561739866,4.893715941250741,37.051802864167065,56.41556770304741,3.810855173,36.93109602302245,300,41.72875720267968,149.0428719,81.42397161,2.853227635532279,82.66411731594253,81.84608975953145,9.253271423241628,67.74250859628918,92.73429742975989,10.143956765901473,71.68174490370127,97.2972973,97.2972973,97.2972973,100,100,100,97.2972973,97.2972973,97.2972973,98.64864864864865,98.64864864864865,98.64864864864865
Gummy shark,0.25 (Quadrennial),100,Low selectivity,300,39.650568569143644,141.93058126125138,34.436395277973446,-2.058978478,36.23138166786689,34.77453260889198,2.776420589712134,22.39863248474291,41.821338711096566,2.2656796011411218,24.067269675758073,300,39.650568569143644,144.5837573972913,65.56842211635602,2.179831873658593,66.68856971336179,65.56474905765933,8.686846423313675,52.40354738607218,77.89706978717562,10.496445321792677,58.10885011885813,99.66666666666667,99.66666666666667,99.66666666666667,100,100,100,99.66666666666667,99.66666666666667,99.66666666666667,100,100,100
Gummy shark,0.25 (Quadrennial),250,Low selectivity,300,36.21734571643608,147.44658331885384,21.866869729505957,-2.25662533,23.798601563888983,21.866869729505957,2.6464380336692055,12.468873116915242,28.78966963943026,2.2350758011562144,16.742585750370154,300,36.21734571643608,147.44658331885384,52.231329296556844,2.264925027331831,53.37983338,52.231329296556844,8.260567394997143,41.65393629807926,54.09712416,7.890263336614915,39.88310520936827,100,100,100,100,100,100,100,100,100,100,100,100
Gummy shark,0.25 (Quadrennial),500,Low selectivity,300,35.56109227519047,149.30234680129195,8.789832838,-2.143247619,10.489243142012539,8.789832838,0.5956382630290966,4.733092601614979,11.32927701386603,0.5607223473202738,6.934685013087923,300,35.56109227519047,149.30234680129195,38.19291145666221,2.146747567908685,39.032627558301826,38.19291145666221,6.4486464115677276,32.45502925667584,31.862280145157403,5.257407770695141,25.579027266421708,100,100,100,100,100,100,100,100,100,100,100,100
Gummy shark,0.25 (Quadrennial),1000,Low selectivity,300,35.656436680624665,147.9025899925156,-2.940365998,-2.119997843,-1.429710947,-2.940365998,-0.809454566,-4.199838779,1.686531532737653,-0.027841642,0.9329054787787219,300,35.656436680624665,147.9025899925156,28.644365990662354,2.1199978434757165,28.964154709860892,28.644365990662354,4.884047761,25.49067224626381,17.508213361903316,3.120261338710496,15.280918406465343,100,100,100,100,100,100,100,100,100,100,100,100
Gummy shark,0.25 (Quadrennial),2500,Low selectivity,300,35.29420534584097,149.23828643729112,-0.520338614,-2.132312853,1.0495097669519502,-0.520338614,-0.236146456,-1.188609343,0.4238895771235495,-0.081952471,0.17943177817582567,300,35.29420534584097,149.23828643729112,18.86482581910538,2.1323128532027917,19.128925231421032,18.86482581910538,3.1604682847637626,16.686205266822824,10.315788481918503,1.89193112,9.120370026058398,100,100,100,100,100,100,100,100,100,100,100,100
School shark,1 (Annual),50,High selectivity,0,-0.008890225,0.12367347044334086,-0.267035805,-4.915347385,2.537675706706693,-0.361047349,-0.037115334,-0.085610648,-0.395920918,-0.086299351,0.142645266,0,0.8808478466765003,3.1783494904773004,0.2670358046761917,4.915347385,3.6570663828828116,0.3610473494189725,0.8853133578783652,3.3689533955368405,0.395920918,0.9006261985933125,3.198410596611929,96,96,96,99.66666666666667,99.66666666666667,99.66666666666667,96,96,96,95,95,95
School shark,1 (Annual),100,High selectivity,0,0.012220106877138532,0.04553992,-0.225579561,-5.035972341,2.8597913902004075,-0.226334008,-0.012939717,-0.046668785,-0.171635883,-0.019463652,0.064709207,0,0.5704661192309223,2.082201068935778,0.2255795608674278,5.035972341314407,3.3118179647855204,0.22633400755929212,0.5762198970066725,2.1619697871637524,0.17163588260655727,0.5838282905664592,2.0756170334461377,99.66666666666667,99.66666666666667,99.66666666666667,100,100,100,99.66666666666667,99.66666666666667,99.66666666666667,99.66666666666667,99.66666666666667,99.66666666666667
School shark,1 (Annual),250,High selectivity,0,-0.022076662,0.19339611916084964,-0.01102213,-4.992874841,2.9134620470769774,-0.01102213,-0.02312873,0.18835756596215383,-0.109494066,-0.038954097,0.19283177370382407,0,0.37443050250796556,1.3657896107942427,0.011022130371135789,4.992874840616634,2.9919716346226943,0.011022130371135789,0.37486720726195355,1.3708281639929385,0.10949406598576845,0.37475571694742243,1.3680853551928476,100,100,100,100,100,100,100,100,100,100,100,100
School shark,1 (Annual),500,High selectivity,0,-0.028400817,0.08089314,-0.010781893,-5.045828496,2.9023178430946066,-0.010781893,-0.029325889,0.07649971,-0.070280287,-0.039251185,0.084977412,0,0.27995438387157184,1.0212403180677787,0.010781893,5.045828495855244,2.935010179138849,0.010781893,0.2790293119012574,1.024154090139685,0.070280287,0.283011751,1.0225763466211395,100,100,100,100,100,100,100,100,100,100,100,100
School shark,1 (Annual),1000,High selectivity,0,0.002685337,-0.026998143,-0.010282275,-5.080433329,2.9866911744825857,-0.010282275,0.001506628,-0.028753922,-0.029729898,-0.001794986,-0.024298855,0,0.1792789818821736,0.6548955054535657,0.010282275,5.080433328761118,2.9866911744825857,0.010282275,0.1790406914900406,0.6545697674507612,0.029729898,0.18014177994780783,0.6553110473065941,100,100,100,100,100,100,100,100,100,100,100,100
School shark,1 (Annual),2500,High selectivity,0,-0.008652297,0.048632014920754245,-0.006640789,-5.088452923,3.023418450873508,-0.006640789,-0.0095566,0.048597265,-0.023077985,-0.012203759,0.051963362,0,0.1149036772130788,0.4172693129093953,0.006640789,5.088452922777119,3.023418450873508,0.006640789,0.11484778705550668,0.41659431744697084,0.023077984978502997,0.11540251625228864,0.4176804713729062,100,100,100,100,100,100,100,100,100,100,100,100
School shark,0.75 (Annual / biennial),50,High selectivity,33.33333333333333,5.288692911727424,-8.069549799,0.5206438972320422,-5.204390885,3.3961533992134774,0.5206438972320422,0.7220980482975323,-5.364854581,0.7948290086073755,0.2882601684540181,-1.300241595,33.33333333333333,5.2918339352075945,15.10078258519017,18.093440181710474,5.204390885065228,18.677619508702268,18.093440181710474,1.8455209620736652,14.619447816533032,13.180718238353679,1.4972417499590798,11.435242237820477,100,100,100,100,100,100,100,100,100,100,100,100
School shark,0.75 (Annual / biennial),100,High selectivity,33.33333333333333,4.945620997868761,-7.41467763,0.3367941304496601,-5.063898001,3.514282897996372,0.3367941304496601,0.25984446289124996,-2.194514521,0.8116658503868086,0.079474624,0.030080610301307632,33.33333333333333,4.945620997868761,12.086570256713632,12.98215949009659,5.063898001,14.008987408447362,12.98215949009659,1.2167779539713128,10.141885235925544,9.530448068651776,1.0540729067912475,8.180081133578794,100,100,100,100,100,100,100,100,100,100,100,100
School shark,0.75 (Annual / biennial),250,High selectivity,33.33333333333333,4.871178814534715,-7.868443879,-0.778676383,-5.057066628,2.184838064726791,-0.778676383,1.520896831368839e-4,-1.231676105,0.057286106,-0.020316424,0.009860409,33.33333333333333,4.871178814534715,9.014033490030974,8.085744176,5.057066628,8.691304471063681,8.085744176,0.6994291417521721,6.567604306402235,5.193355499501901,0.6060676088988941,4.618165269,100,100,100,100,100,100,100,100,100,100,100,100
School shark,0.75 (Annual / biennial),500,High selectivity,33.33333333333333,4.778780682959141,-7.365818054,0.8048205777744789,-5.075040775,3.8320984291257933,0.8048205777744789,0.044717758,0.30083723396658907,0.2207388924015816,-0.02509531,0.19794962600703755,33.33333333333333,4.778780682959141,7.912997029,5.996396172047718,5.075040775407822,6.8193641910715685,5.996396172047718,0.47742099848667574,4.935620052635257,4.344120194342724,0.42958216133736804,3.7897635444741935,100,100,100,100,100,100,100,100,100,100,100,100
School shark,0.75 (Annual / biennial),1000,High selectivity,33.33333333333333,4.8660495589046695,-8.128507596,-0.125392673,-5.065924216,2.8820419205182777,-0.125392673,0.021227967,-0.356813012,-0.088688396,0.011719822648859731,-0.2036154,33.33333333333333,4.8660495589046695,8.201496306561049,4.181780214401871,5.065924216299017,5.024728065773547,4.181780214401871,0.3533946130771996,3.4010056321335553,2.878698331718799,0.3047808372362298,2.4106657435496905,100,100,100,100,100,100,100,100,100,100,100,100
School shark,0.75 (Annual / biennial),2500,High selectivity,33.33333333333333,4.828238823327282,-7.896376831,0.4096075905510511,-5.067147111,3.4137716417576143,0.4096075905510511,0.053756533,0.1269548718039985,0.11590754794285106,0.030672754695675746,-0.034295408,33.33333333333333,4.828238823327282,7.896376831211913,2.5833242577129893,5.067147111409852,3.9825689014511476,2.5833242577129893,0.22364076303933475,2.0464014729952487,1.8170081676487757,0.19407629185115652,1.5134929512684645,100,100,100,100,100,100,100,100,100,100,100,100
School shark,0.66 (Annual / biennial),50,High selectivity,50.000000000000014,7.149734677187631,-7.855921005,1.8935706244419885,-5.104464123,4.942254374689202,1.8935706244419885,0.8034350497180445,-5.053800125,4.5696257799402105,0.5510583772400081,0.49629432502600257,50.000000000000014,7.151397074978437,17.324727084164554,23.46647853692297,5.104464122882136,24.24369311509347,23.46647853692297,2.0513478768869957,18.12323131347155,17.17869812575188,1.8272107737215613,13.684746320273044,100,100,100,100,100,100,100,100,100,100,100,100
School shark,0.66 (Annual / biennial),100,High selectivity,50.000000000000014,7.219908588112099,-10.51809098,-0.630628871,-5.060050564,2.4557068919762393,-0.630628871,0.27063067071002744,-4.035174611,0.9512450404056826,0.14835303276893078,-0.620816688,50.000000000000014,7.219908588112099,14.777125065519149,16.90083484348441,5.060050564413814,17.59899406979823,16.90083484348441,1.482271749956951,12.946376083073849,12.514314017905965,1.2528566825961593,9.858526493955445,100,100,100,100,100,100,100,100,100,100,100,100
School shark,0.66 (Annual / biennial),250,High selectivity,50.000000000000014,7.092006056669813,-10.88365447,0.12993311791385978,-4.966465671,2.929527617370064,0.12993311791385978,0.10178934163967528,-0.876045972,-0.273813245,-0.007380661,-0.447320944,50.000000000000014,7.092006056669813,12.21096107175799,9.841316046527384,4.966465670734997,10.462417054584408,9.841316046527384,0.7802437854336735,8.415901627258446,6.851418205853413,0.6940045761982002,6.235699597337131,100,100,100,100,100,100,100,100,100,100,100,100
School shark,0.66 (Annual / biennial),500,High selectivity,50.000000000000014,7.015002484648261,-10.98992249,-0.126074118,-5.079325637,2.9250463113448437,-0.126074118,0.017854486,-0.494735517,-0.232283257,-0.036352311,-0.182096622,50.000000000000014,7.015002484648261,11.241787449470344,6.956120666190097,5.079325637129252,7.848897831909127,6.956120666190097,0.5688064052715466,5.789296960042648,4.573212704582934,0.5104752387071133,3.9922338821111416,100,100,100,100,100,100,100,100,100,100,100,100
School shark,0.66 (Annual / biennial),1000,High selectivity,50.000000000000014,6.900724286966156,-10.3561351,0.9100458885508452,-5.062167257,3.8917275018649744,0.9100458885508452,0.12038169119508026,0.23758103545160578,0.5507541606202859,0.078517326,0.18271308490263374,50.000000000000014,6.900724286966156,10.423755056017333,4.912238116644905,5.062167257,5.945779527091147,4.912238116644905,0.40580242911876324,3.7825309334448676,3.451479356573909,0.33308050516336535,3.029234162275678,100,100,100,100,100,100,100,100,100,100,100,100
School shark,0.66 (Annual / biennial),2500,High selectivity,50.000000000000014,6.954799288781814,-10.87321178,0.12595752208417202,-5.061929297,3.1232072838639025,0.12595752208417202,0.016627977470141265,-3.94E-04,-0.172524392,-0.006790793,-0.151934327,50.000000000000014,6.954799288781814,10.87321177929495,3.2229798770026723,5.0619292968515275,4.292240461084123,3.2229798770026723,0.25166416634945543,2.6993383770652386,2.0811591629433153,0.21530383150888063,1.827243848917102,100,100,100,100,100,100,100,100,100,100,100,100
School shark,0.5 (Biennial),50,High selectivity,100,13.509829615641726,-14.74482045,3.012505770664732,-5.106578137,5.845947528417689,3.012505770664732,1.2325146102917466,-7.353972765,8.320555086949094,1.104361381595374,0.16501285485844547,100,13.509829615641726,25.445020263113282,30.47203209715487,5.106793132481199,31.806468603585735,30.47203209715487,2.6278365720906254,23.979645266332305,24.722768061696865,2.323948030690959,18.87262807,100,100,100,100,100,100,100,100,100,100,100,100
School shark,0.5 (Biennial),100,High selectivity,100,12.632026993253591,-15.34681098,-0.15696178,-5.104383105,2.6540559119429066,-0.15696178,0.4254678928453501,-5.239553557,2.646800775527968,0.36917611,-0.622003121,100,12.632026993253591,19.59437549119808,22.52701514708453,5.104383104576498,23.08994780088127,22.52701514708453,1.8143840942908838,17.816932945371768,15.846425662545169,1.5704787685059358,12.916899637124427,100,100,100,100,100,100,100,100,100,100,100,100
School shark,0.5 (Biennial),250,High selectivity,100,12.306505745223818,-14.96737466,0.6517610121530278,-5.159507217,3.7465103632977637,0.6517610121530278,0.072832455,-0.806697862,0.852714763,-0.022005377,0.5254165323766361,100,12.306505745223818,16.23818583916951,14.247605810010436,5.159507216520421,15.159975621006083,14.247605810010436,1.0424420120110165,11.990912100505655,9.549059728706675,0.891326587,8.505000130954398,100,100,100,100,100,100,100,100,100,100,100,100
School shark,0.5 (Biennial),500,High selectivity,100,12.163689512899937,-14.97131999,1.347431281941492,-5.121259751,4.4758209984153545,1.347431281941492,0.13492533496919926,0.10517022611926062,1.3158806621216073,0.057202544688932176,0.8507912789083981,100,12.163689512899937,15.192804615198991,10.714262243478464,5.121259751459127,11.803481951049992,10.714262243478464,0.8210596410221013,8.454759909127324,7.2029862604835255,0.6865223831657964,5.972082154883078,100,100,100,100,100,100,100,100,100,100,100,100
School shark,0.5 (Biennial),1000,High selectivity,100,12.33050302450158,-16.06890388,0.5549524393463015,-5.083617286,3.5276336370004375,0.5549524393463015,0.053826361,0.059946824,0.034894167923052104,-0.003316649,-0.027363825,100,12.33050302450158,16.083691360503188,7.089567284250378,5.083617286152996,7.858068091150618,7.089567284250378,0.5104336545956758,5.876817680842619,5.118135996159581,0.4459235163118225,4.466214148365372,100,100,100,100,100,100,100,100,100,100,100,100
School shark,0.5 (Biennial),2500,High selectivity,100,12.218617513097172,-15.76696816,0.8300708326574886,-5.067512159,3.8425754492276702,0.8300708326574886,0.031073179473064743,0.6127922849427364,0.5349199940990401,0.005136664,0.49735885497833704,100,12.218617513097172,15.766968162005158,4.349131492273948,5.067512159141574,5.424052464,4.349131492273948,0.32767147021599513,3.6444785727437847,2.8015858099568303,0.28350419686142225,2.447800141946489,100,100,100,100,100,100,100,100,100,100,100,100
School shark,0.33 (Triennial),50,High selectivity,200.00000000000006,22.153707354662494,-17.53839937,11.320137309371063,-5.114560212,14.297871148303233,11.320137309371063,1.5031001667527768,-3.387823595,11.334611595274342,0.9400022476027626,2.510966508,200.00000000000006,22.153707354662494,29.793729411634963,39.44399665981407,5.114560212137347,40.625778051870434,39.44399665981407,3.0827600493636536,29.624689873050603,32.00444375094772,2.5846857927482687,24.940543453887006,100,100,100,100,100,100,100,100,100,100,100,100
School shark,0.33 (Triennial),100,High selectivity,200.00000000000006,21.260298542528528,-20.84196713,0.4884318983582274,-5.105805492,3.617773578547949,0.4884318983582274,0.7040096742428622,-7.211854567,5.360264350307593,0.5279652555942966,0.1576008839656319,200.00000000000006,21.260298542528528,24.654005907023148,31.954553615726365,5.105805491984285,32.91190415711254,31.954553615726365,2.2538769009888084,26.106259874819283,23.040583930300922,1.8694463701355888,18.51760111911044,100,100,100,100,100,100,100,100,100,100,100,100
School shark,0.33 (Triennial),250,High selectivity,200.00000000000006,20.136710680227292,-19.82233777,1.3595282266958169,-5.087011537,4.3051792334728995,1.3595282266958169,0.19096142773289393,-2.250463711,2.531547468053601,0.090911115,0.7100468356588862,200.00000000000006,20.136710680227292,20.863458937578937,19.948005983491807,5.087011536796071,20.60624418033701,19.948005983491807,1.534599656084333,15.939185553255868,14.120805766308273,1.2950687399978806,11.839042630785455,100,100,100,100,100,100,100,100,100,100,100,100
School shark,0.33 (Triennial),500,High selectivity,200.00000000000006,20.306716213111173,-21.447064,-0.344261438,-5.090940939,2.612071216235197,-0.344261438,0.1595554287714205,-1.942459,0.2973620687191164,0.088449687,-0.438424306,200.00000000000006,20.306716213111173,21.481391505670334,14.35215219,5.090940939009449,15.029936625536134,14.35215219,1.0075396401326642,11.955443421617034,10.559994019919692,0.8964291235048633,8.865217584021199,100,100,100,100,100,100,100,100,100,100,100,100
School shark,0.33 (Triennial),1000,High selectivity,200.00000000000006,20.053609989936955,-20.95880082,0.11249013470635585,-5.087696552,3.2010509032056946,0.11249013470635585,0.12542865175662388,-0.91920495,0.827664636,0.10727788665533704,0.2522781598521775,200.00000000000006,20.053609989936955,20.958800815930548,10.689858260564055,5.087696552190776,11.257583745206304,10.689858260564055,0.652293183,8.810397018050612,6.171755821157886,0.5451228371772061,5.293342332738148,100,100,100,100,100,100,100,100,100,100,100,100
School shark,0.33 (Triennial),2500,High selectivity,200.00000000000006,20.059344027416355,-21.0357248,0.16945762790276955,-5.076865698,3.161578382828299,0.16945762790276955,0.017305156311206597,-0.086556308,0.017025415,-0.007397186,0.001189367,200.00000000000006,20.059344027416355,21.035724798888353,6.379186210849747,5.076865698292529,7.053773459784108,6.379186210849747,0.4456715572412423,5.260389675083339,4.063259073,0.37386801759906074,3.5170789431427845,100,100,100,100,100,100,100,100,100,100,100,100
School shark,0.25 (Quadrennial),50,High selectivity,300,28.17716470121724,-20.16139434,19.47366032379048,-4.819808472,21.540410899163092,19.47366032379048,2.3579370423289223,-2.981369192,15.217051602533152,1.607799056266906,1.583882189486289,300,28.17716470121724,34.49232192992158,54.33696576337441,4.819808472017866,54.66848325234827,54.33696576337441,3.5954144867493585,39.040057509319254,40.99257380057453,2.843888248240993,31.241582500685375,99.66101694915255,99.66101694915255,99.66101694915255,100,100,100,100,100,100,100,100,100
School shark,0.25 (Quadrennial),100,High selectivity,300,25.37910848506195,-18.74882252,6.154895174854629,-5.00405356,8.877078413335772,6.154895174854629,0.9049195835240776,-3.984882631,12.57233949020914,0.7652917367653675,3.337173418,300,25.37910848506195,23.895311519697792,35.42647559217254,5.004053559889058,35.917043433669605,35.42647559217254,2.579924106551872,26.80262834051579,27.559167150032934,2.392368471063167,19.339601356850125,100,100,100,100,100,100,100,100,100,100,100,100
School shark,0.25 (Quadrennial),250,High selectivity,300,25.784064692280452,-22.44398618,2.717137115848583,-5.082473715,5.883178157,2.717137115848583,0.4437578218921051,-2.375146842,5.203426565418568,0.3669483355279064,0.6746433923704029,300,25.784064692280452,24.01729690587379,24.92279732823228,5.082473715,25.940037461829853,24.92279732823228,1.8502986520654559,20.45406026212939,20.032410886791936,1.7057007923586651,15.007390397343181,100,100,100,100,100,100,100,100,100,100,100,100
School shark,0.25 (Quadrennial),500,High selectivity,300,25.85028873047083,-23.73355336,-0.003043838,-5.047801538,2.9370594323445105,-0.003043838,0.1573531733134278,-2.529025647,0.8102183217962567,0.12149459313574257,-0.841440678,300,25.85028873047083,23.85540753442814,17.371779165560813,5.047801537922166,18.01079930078394,17.371779165560813,1.3065799423837146,14.055165986846784,12.181066161550534,1.1428247800806404,9.864144127583645,100,100,100,100,100,100,100,100,100,100,100,100
School shark,0.25 (Quadrennial),1000,High selectivity,300,25.550197000902628,-22.86346298,-0.348033403,-5.038968041,2.565152092432015,-0.348033403,0.032066747,-1.243088586,0.7688481676621751,0.030530557,0.3226736532210673,300,25.550197000902628,22.868809284692034,13.120832554483561,5.038968040549566,13.586543922948804,13.120832554483561,0.8902393004965986,10.942924835471766,8.469988454247515,0.7551831587450796,7.201258122703028,100,100,100,100,100,100,100,100,100,100,100,100
School shark,0.25 (Quadrennial),2500,High selectivity,300,25.43887843116544,-22.92829345,1.0251699142865272,-5.043675159,3.972955765327897,1.0251699142865272,0.068834809,0.365349346,0.5574269788295731,0.018406372,0.3522877157984793,300,25.43887843116544,22.92829345013504,8.284272402474238,5.043675159,9.036224754097201,8.284272402474238,0.5366622292967113,6.6783875723885835,5.2869852139111755,0.43345430644475136,4.398312948411764,100,100,100,100,100,100,100,100,100,100,100,100
School shark,1 (Annual),50,Low selectivity,0,-0.005379167,-0.072527457,-0.488792825,-5.065181433,2.059033189022187,-0.529378511,-0.03270505,-0.495029503,-0.553223371,-0.093117466,-0.148929268,0,0.8410997205428536,3.2679190643644427,0.4887928248222366,5.065181433,3.9530710336819865,0.5293785106378014,0.8319488930898159,3.6365262081059995,0.5532233706862133,0.867563702,3.310176130437258,92.33333333333333,92.33333333333333,92.33333333333333,100,100,100,92.33333333333333,92.33333333333333,92.33333333333333,92,92,92
School shark,1 (Annual),100,Low selectivity,0,-0.073362759,0.23252859945217313,-0.177055974,-5.070308412,2.7921422821485966,-0.177648135,-0.091761592,0.15771923384304376,-0.309021728,-0.122367214,0.20631264976743655,0,0.6324635504329533,2.4422601624982057,0.17705597443430232,5.070308411971446,3.3697243116054723,0.17764813488391537,0.6206058396409005,2.5104325940569057,0.3090217276734683,0.6483596279714815,2.453717430437445,99.66666666666667,99.66666666666667,99.66666666666667,100,100,100,99.66666666666667,99.66666666666667,99.66666666666667,99.66666666666667,99.66666666666667,99.66666666666667
School shark,1 (Annual),250,Low selectivity,0,-0.017072498,0.037053638949048257,-0.03154278,-5.100449254,2.991542362668735,-0.03154278,-0.02044664,0.025497520299486855,-0.150544918,-0.039886864,0.029544487870285605,0,0.3997064817554219,1.381475652078398,0.03154278,5.1004492541614175,3.0741257629061485,0.03154278,0.4030806241707263,1.3839263912147153,0.15054491826090097,0.4072203548060724,1.3774230696087113,100,100,100,100,100,100,100,100,100,100,100,100
School shark,1 (Annual),500,Low selectivity,0,-0.002962357,0.075996463,-0.03385498,-5.087436315,2.9165074853116515,-0.03385498,-0.007181446,0.071727453,-0.101133199,-0.018068861,0.075772742,0,0.26015341285572074,1.0117083154468094,0.03385498,5.087436315195389,2.9361245816074906,0.03385498,0.26068425934817196,1.0122226439094686,0.10113319857972036,0.26383923587984665,1.0062525134980476,100,100,100,100,100,100,100,100,100,100,100,100
School shark,1 (Annual),1000,Low selectivity,0,-0.038408514,0.12829790512789582,-0.005600862,-5.065133968,2.996834809930027,-0.005600862,-0.038991122,0.1266331817934913,-0.058929595,-0.047423832,0.12914739933198727,0,0.1996772168034062,0.6783070725619155,0.005600862,5.065133968217153,2.996834809930027,0.005600862,0.1996331148125958,0.6781338256362269,0.058929595,0.20185694303840607,0.678554751,100,100,100,100,100,100,100,100,100,100,100,100
School shark,1 (Annual),2500,Low selectivity,0,0.014654288167797845,-0.079410064,-0.006058509,-5.062563741,2.949463684965992,-0.006058509,0.013930542983353094,-0.080679138,-0.020291524,0.011582787474951206,-0.078449145,0,0.1243345891726138,0.45071020952999324,0.006058509,5.062563740969649,2.949463684965992,0.006058509,0.12412988370319183,0.4519792838238333,0.020291524,0.12468285871623948,0.45036224319009044,100,100,100,100,100,100,100,100,100,100,100,100
School shark,0.75 (Annual / biennial),50,Low selectivity,33.33333333333333,4.826161172578326,-4.477800788,2.7775248766218934,-4.99925814,5.744819310406291,2.7727109048109315,0.7336625501145939,-3.781209957,3.928532547593817,0.3238309366418333,1.1359663138212126,33.33333333333333,4.8393901545245965,15.144212644981755,20.68660943191636,5.003502288247479,21.206622104791883,20.62209851158775,1.9500526359992256,14.91805177345742,14.689673294379013,1.6164600478303135,11.79361926011107,100,100,100,99.66666666666667,99.66666666666667,99.66666666666667,100,100,100,100,100,100
School shark,0.75 (Annual / biennial),100,Low selectivity,33.33333333333333,4.784072716,-5.43181221,0.40316381651367206,-5.135419978,3.6251814475473707,0.40316381651367206,0.3884427189670188,-3.28184194,1.2489048529081512,0.14766346906681085,0.057758789149953305,33.33333333333333,4.784072716,11.024484083040274,15.132619273821005,5.135419978296568,16.237976513409485,15.132619273821005,1.3938977326502882,11.200173784404033,10.244865598812618,1.0853398066403905,8.228662692173495,100,100,100,100,100,100,100,100,100,100,100,100
School shark,0.75 (Annual / biennial),250,Low selectivity,33.33333333333333,4.611840841779147,-5.085662611,0.6748490228705529,-5.10264936,3.522610832234539,0.6748490228705529,0.10208579165110167,-0.395342232,0.7062217220076449,0.010353271122596083,0.5174875482654625,33.33333333333333,4.611840841779147,7.761784789153186,9.411883194,5.102649359819151,10.258616798367731,9.411883194,0.8254255477710298,7.279678335,6.298709102058392,0.6736348780015409,5.3554447814098785,100,100,100,100,100,100,100,100,100,100,100,100
School shark,0.75 (Annual / biennial),500,Low selectivity,33.33333333333333,4.646890654167072,-5.806259171,0.29892083710046613,-5.091511776,3.456622498083779,0.29892083710046613,0.029003189584013947,-0.176861463,0.43908285014941767,-0.0025374,0.2762355674385333,33.33333333333333,4.646890654167072,6.503972931720127,6.294636734080684,5.091511775738066,7.340595072543641,6.294636734080684,0.501491192,5.275241969656613,4.117568480204561,0.453380091,3.641213900636923,100,100,100,100,100,100,100,100,100,100,100,100
School shark,0.75 (Annual / biennial),1000,Low selectivity,33.33333333333333,4.763118968840345,-6.559517343,0.26776683750236274,-5.037844621,3.2081197362975917,0.26776683750236274,0.062189711948508745,-0.085576297,-0.373945918,0.007838587,-0.386011551,33.33333333333333,4.763118968840345,6.844470931042868,4.8463447119128125,5.037844620581154,5.524970494125957,4.8463447119128125,0.3522296829859154,3.979985197420079,3.137918454017385,0.30932712120708983,2.704575725498345,100,100,100,100,100,100,100,100,100,100,100,100
School shark,0.75 (Annual / biennial),2500,Low selectivity,33.33333333333333,4.714649194647143,-6.384907319,0.26897379180909586,-5.075192248,3.288175076311631,0.26897379180909586,0.021252899728871625,0.11993263328744606,-0.093174951,-0.005860955,-0.082661549,33.33333333333333,4.714649194647143,6.412906003174783,2.9862931392010514,5.075192248010771,4.2125824739533995,2.9862931392010514,0.24626927581879732,2.4315449827830267,2.031591255255347,0.21143441072789648,1.7377301905257587,100,100,100,100,100,100,100,100,100,100,100,100
School shark,0.66 (Annual / biennial),50,Low selectivity,50.000000000000014,7.527392584335122,-10.28914557,0.14503775848745193,-5.018858414,2.5797967341384394,0.011220965959160457,0.9067976556339521,-7.986232398,2.0872799891492413,0.4719615554342734,-1.805959503,50.000000000000014,7.527392584335122,19.197525373286215,24.586649172196143,5.018858413953267,25.043839557593675,24.638027008288823,2.245728749667869,19.471384276865592,17.505775825734272,1.8670400271854417,14.426788192437158,100,100,100,99.66666666666667,99.66666666666667,99.66666666666667,100,100,100,100,100,100
School shark,0.66 (Annual / biennial),100,Low selectivity,50.000000000000014,7.057493809419977,-8.958356459,0.4750642116123705,-5.013437895,3.324079026237817,0.4750642116123705,0.47156774343061375,-4.797731015,1.4951941229442622,0.1897360622599689,-0.535099586,50.000000000000014,7.057493809419977,14.777108855168548,19.98249212464921,5.013437895,20.655124871376742,19.98249212464921,1.6658439827956535,14.848964843787966,11.997463123204698,1.2793306281743295,9.945163251743915,100,100,100,100,100,100,100,100,100,100,100,100
School shark,0.66 (Annual / biennial),250,Low selectivity,50.000000000000014,6.87230998,-9.142044598,0.091815882,-5.072979629,2.9370434541707975,0.091815882,0.12855535373390437,-1.50836977,-0.004360771,0.030764068491821787,-0.585460404,50.000000000000014,6.87230998,10.928254452981692,12.49357539332847,5.072979628919111,13.461310385630632,12.49357539332847,0.9556944072398169,9.935548787048193,8.019609434788512,0.7934993835181018,6.231264750083276,100,100,100,100,100,100,100,100,100,100,100,100
School shark,0.66 (Annual / biennial),500,Low selectivity,50.000000000000014,6.725708367807658,-8.616168062,-0.317369061,-5.031109542,2.627779706341717,-0.317369061,0.015925742154572056,-0.793179771,0.37829900472184164,7.159001489858036e-4,0.2777158904410694,50.000000000000014,6.725708367807658,9.769710600546288,8.142184921198744,5.031109541677028,8.647822763103145,8.142184921198744,0.61002294,6.763521801,5.258292989552819,0.4849736318708051,5.012940506823828,100,100,100,100,100,100,100,100,100,100,100,100
School shark,0.66 (Annual / biennial),1000,Low selectivity,50.000000000000014,6.792075306669788,-9.275789302,0.5107824017044533,-5.040340013,3.5007737518499913,0.5107824017044533,0.062653215,0.011272285,0.043298454,0.014137498236230242,-0.117199228,50.000000000000014,6.792075306669788,9.348582565340235,5.758078717630415,5.0403400132169915,6.661515045779954,5.758078717630415,0.4368034139042403,4.563614259,3.783140309468468,0.36657737369893323,3.2085434196235902,100,100,100,100,100,100,100,100,100,100,100,100
School shark,0.66 (Annual / biennial),2500,Low selectivity,50.000000000000014,6.756135110998989,-9.180223366,0.4540503673437963,-5.072540076,3.4654256076775978,0.4540503673437963,0.049350788,0.17201292848074284,0.13465666680241872,0.022251468621157136,0.030263436,50.000000000000014,6.756135110998989,9.180223365952896,3.6536053805407462,5.072540075535351,4.762161330939972,3.6536053805407462,0.26664443634303314,2.9474809791792485,2.277749945488558,0.2146669019056152,2.010207228392132,100,100,100,100,100,100,100,100,100,100,100,100
School shark,0.5 (Biennial),50,Low selectivity,100,12.710593845476058,-13.16597894,6.716569967877749,-5.088952328,9.513427485569975,6.716569967877749,1.5480185676871436,-6.234524251,9.192862064411763,1.199798871904834,-1.170123099,100,12.710593845476058,23.842912297276218,31.078356250268282,5.0889523278700555,32.34045715445664,31.078356250268282,2.7679462453070793,23.13857650836931,27.268460823111713,2.6227344231913383,19.557593607048883,100,100,100,100,100,100,100,100,100,100,100,100
School shark,0.5 (Biennial),100,Low selectivity,100,11.847386827074656,-11.254708,3.5463045689832673,-5.062415513,6.118502992444083,3.5463045689832673,0.39674538696815315,-2.151522546,4.164747057606352,0.095378752,1.6943283230989459,100,11.847386827074656,19.452080125764653,24.831942457598227,5.062415513,25.68962043732308,24.831942457598227,1.8286348500387437,18.878713282134523,17.57172199651393,1.5287529386498897,14.32611641,100,100,100,100,100,100,100,100,100,100,100,100
School shark,0.5 (Biennial),250,Low selectivity,100,11.733955278972006,-13.08114954,0.15046711220078232,-5.00221009,3.028170022179265,0.15046711220078232,0.090429005,-1.828691527,1.1993994203152314,-0.017102834,0.7988072103157101,100,11.733955278972006,14.830556718501718,15.827404651862908,5.00221009,16.673541317143552,15.827404651862908,1.223739872875682,12.282330782986438,10.85888368492515,0.9870041869736611,8.826904334,100,100,100,100,100,100,100,100,100,100,100,100
School shark,0.5 (Biennial),500,Low selectivity,100,11.910574470060665,-14.66591444,0.9030656173772467,-4.978996408,3.8517230423381354,0.9030656173772467,0.12754925315429855,-0.630622855,-0.115020614,-0.015709622,-0.460070499,100,11.910574470060665,14.72194038046907,11.161027417183382,4.978996408048042,12.037581497926894,11.161027417183382,0.8681248454795345,8.602374688083154,7.5274549179693695,0.6940725706542921,6.234749696510736,100,100,100,100,100,100,100,100,100,100,100,100
School shark,0.5 (Biennial),1000,Low selectivity,100,11.896582075849704,-14.74801105,-0.497875266,-5.07354902,2.494138763899349,-0.497875266,0.017666945,-0.96625833,0.15033381380159042,0.007750791,-0.049879547,100,11.896582075849704,14.751099124619891,8.054464527624484,5.073549020334198,8.691392371086351,8.054464527624484,0.5761098476345089,6.591487371388473,5.190187202401623,0.4689557930013022,4.464980750910905,100,100,100,100,100,100,100,100,100,100,100,100
School shark,0.5 (Biennial),2500,Low selectivity,100,11.799149687443023,-14.5680165,0.1841263951396559,-5.083653893,3.1805440058516075,0.1841263951396559,0.044085986,-0.136266526,0.1444596088015076,0.027833885495100595,-0.02802517,100,11.799149687443023,14.568016496459409,4.9519460512996085,5.083653892919748,5.867858851553284,4.9519460512996085,0.34092666250227915,3.986791498764003,3.2256356537220836,0.2885672248330846,2.7296139910606483,100,100,100,100,100,100,100,100,100,100,100,100
School shark,0.33 (Triennial),50,Low selectivity,200.00000000000006,21.70118676240074,-18.63841206,6.056271775460979,-5.074257637,8.922847191238063,5.9296013621043135,1.4527604523745332,-6.35253253,8.547120143,1.1548348317196504,0.12889025612896565,200.00000000000006,21.70118676240074,33.06498508279616,40.60237468228475,5.074257636540904,41.70173226343727,40.57299611,3.039229972626716,33.17721576460769,32.791434146141825,2.6284916537908187,27.839762860038654,100,100,100,99.66555183946488,99.66555183946488,99.66555183946488,100,100,100,100,100,100
School shark,0.33 (Triennial),100,Low selectivity,200.00000000000006,19.339329538721188,-17.41822297,5.968635968082912,-5.090066232,8.837711334993383,5.968635968082912,1.025374835067233,-4.12857989,9.921656701,0.7701593190663517,1.1203102925151711,200.00000000000006,19.339329538721188,23.420617273516473,32.10897582244038,5.0900662319950145,33.01168773501424,32.10897582244038,2.3762476942169544,25.22187181694547,25.872315979108116,2.2028668020362616,18.80378923436073,100,100,100,100,100,100,100,100,100,100,100,100
School shark,0.33 (Triennial),250,Low selectivity,200.00000000000006,19.272333752090205,-19.4201599,0.6271156421335632,-5.059036911,3.734842736690945,0.6271156421335632,0.34308070675321045,-3.677837701,2.869272263962232,0.2603703886007092,0.004218719,200.00000000000006,19.272333752090205,21.289437794447128,21.84656792097328,5.059036911,22.65241639198619,21.84656792097328,1.6047969309680319,17.473914582934285,16.751580807641485,1.4164086667794131,13.577278385553296,99.66666666666667,99.66666666666667,99.66666666666667,100,100,100,100,100,100,100,100,100
School shark,0.33 (Triennial),500,Low selectivity,200.00000000000006,19.028409964434267,-18.88680226,-0.21189345,-5.033183327,2.6477248408739475,-0.21189345,-2.50E-04,-1.614203084,0.7004859959930845,-0.083414561,0.36746605369047536,200.00000000000006,19.028409964434267,19.491316431057122,15.144738226850222,5.033183327258126,15.619143348114264,15.144738226850222,1.0938241870155971,12.185220254464744,10.429324772050963,0.9397380480374182,8.740259352859374,99.66666666666667,99.66666666666667,99.66666666666667,100,100,100,100,100,100,100,100,100
School shark,0.33 (Triennial),1000,Low selectivity,200.00000000000006,19.166213315204576,-20.33882304,0.4364802634907103,-5.040356211,3.4878583240354826,0.4364802634907103,0.096585562,-0.716039747,-0.522102248,-0.02849542,-0.693874401,200.00000000000006,19.166213315204576,20.366940490643547,10.79005471,5.040356211,11.448999886518457,10.79005471,0.7532263434678442,8.531212147365412,7.2577248536762315,0.6199070076875095,6.129930631661685,100,100,100,100,100,100,100,100,100,100,100,100
School shark,0.33 (Triennial),2500,Low selectivity,200.00000000000006,19.01907078,-19.76141245,1.292235262337413,-5.03845325,4.303515721211808,1.292235262337413,0.057984516474398985,0.7950408978702705,0.2045339694390479,-0.016176468,0.19408215405931475,200.00000000000006,19.01907078,19.761412448881444,7.393847972842689,5.038453250103822,8.322665317038147,7.393847972842689,0.48483206884419694,5.918884097740902,4.820628001599901,0.3863533217074793,4.042376730604576,100,100,100,100,100,100,100,100,100,100,100,100
School shark,0.25 (Quadrennial),50,Low selectivity,300,25.83760145379254,-14.28986266,22.77111759301873,-5.225967795,25.91839552,22.77111759301873,2.625887158148428,-1.015743161,23.416016218979788,1.8411072125192236,8.674063666419158,300,25.83760145379254,38.21528298077717,54.35520384488863,5.2259677946282785,55.99034036752478,54.35520384488863,3.684121027510747,38.836281020943154,45.89085469906072,3.0177830849850755,35.706935130810194,98.99328859060402,98.99328859060402,98.99328859060402,100,100,100,100,100,100,100,100,100
School shark,0.25 (Quadrennial),100,Low selectivity,300,25.675999087616198,-20.62402926,8.985458307,-5.021400169,12.189279929016363,8.985458307,1.3154470790672925,-2.198805236,12.67620865089008,1.059940237037988,2.9468350729659796,300,25.675999087616198,28.919878606533672,38.935708432629255,5.021400168533379,40.437383916882226,38.935708432629255,2.5997453632866696,30.902319511090532,31.879725403631664,2.3714840080989803,24.281971018871328,100,100,100,100,100,100,100,100,100,100,100,100
School shark,0.25 (Quadrennial),250,Low selectivity,300,24.566048957192862,-23.02400676,0.4338819153526133,-5.14550276,3.4415494299849216,0.4338819153526133,0.3760628603403369,-5.108767951,2.461458414360338,0.20916903632773712,-2.196715163,300,24.566048957192862,25.148195976820418,26.838329588968712,5.145502760343046,27.730404462180573,26.838329588968712,1.984673011386279,21.469675790037673,21.193708013070317,1.7655391162583414,15.65044694,100,100,100,100,100,100,100,100,100,100,100,100
School shark,0.25 (Quadrennial),500,Low selectivity,300,24.427637779555447,-22.48353127,-0.493104271,-5.062020956,2.50518909,-0.493104271,0.1473764357277193,-3.299424182,0.5987385099239481,0.023966262,-0.39788951,300,24.427637779555447,22.793972370775204,19.271411288920852,5.062020955536275,20.008391311975668,19.271411288920852,1.3601425178629887,15.285993529952492,13.306126260185232,1.0832734517355325,11.30928380803632,100,100,100,100,100,100,100,100,100,100,100,100
School shark,0.25 (Quadrennial),1000,Low selectivity,300,24.25549448,-22.7924284,-0.27536991,-5.056884737,2.662217849602097,-0.27536991,0.083354685,-1.525532246,0.20223020576128392,0.049592329,-0.324719131,300,24.25549448,22.81102922780075,13.00428621,5.056884737062968,13.554691070636858,13.00428621,0.9503717766982254,10.40192354719612,8.440626159480972,0.7931203736495941,7.116236727616845,100,100,100,100,100,100,100,100,100,100,100,100
School shark,0.25 (Quadrennial),2500,Low selectivity,300,23.975295320472547,-21.92644713,0.8481179700740775,-5.065643272,3.8743263432807153,0.8481179700740775,0.031603502052405114,0.40838285402693764,0.3614060854487884,-0.025346698,0.3946312864828697,300,23.975295320472547,21.926447127098534,8.372443402433431,5.065643272297561,9.239389568658442,8.372443402433431,0.5636451387157518,6.869101076304262,5.316409213071516,0.46239090723100656,4.763830243920409,100,100,100,100,100,100,100,100,100,100,100,100